usuario_id,nome_programa,categoria,tempo_assistido,dispositivo,data,tempo
217,Wish year.,Filmes,128,Celulares,2024-12-06,01:59:49
124,Board economy.,Filmes,115,Smartfones,2024-12-04,11:20:51
315,Light affect.,Filmes,169,Tablet,2024-12-01,01:39:33
594,Send.,Documentários,35,Tablet,2024-12-08,04:57:15
221,Music doctor.,Séries,95,Celulares,2024-12-03,05:18:30
419,Our what.,Filmes,84,Tablet,2024-12-01,06:56:14
932,Anyone.,Filmes,123,Smart TV,2024-12-03,03:16:49
38,Use.,Filmes,79,Smart TV,2024-12-02,10:48:36
881,Stay line.,Novelas,59,Smart TV,2024-12-08,09:08:57
302,Class strategy.,Filmes,137,Smart TV,2024-12-08,10:33:04
939,Worker total.,Documentários,129,Tablet,2024-12-06,15:03:42
96,Power.,Filmes,163,Smartfones,2024-12-02,12:34:41
974,Method response.,Documentários,157,Smart TV,2024-12-07,21:53:30
864,Big.,Filmes,116,Smart TV,2024-12-08,13:05:11
72,Take.,Filmes,125,Smart TV,2024-12-07,14:09:27
340,Happen scene.,Documentários,79,Smartfones,2024-12-05,06:10:33
198,Newspaper some.,Filmes,115,Smart TV,2024-12-07,13:12:10
152,Happy.,Documentários,60,Celulares,2024-12-08,00:24:10
204,Look move.,Séries,165,Celulares,2024-12-03,08:00:18
144,Laugh.,Filmes,62,Smartfones,2024-12-08,07:41:54
379,Agency just.,Shows,48,Tablet,2024-12-07,07:10:53
340,Child voice.,Documentários,7,Smartfones,2024-12-08,22:39:12
853,I.,Filmes,25,Smart TV,2024-12-08,12:08:21
583,Meeting.,Novelas,167,Smartfones,2024-12-02,06:02:03
370,Middle provide.,Shows,136,Tablet,2024-12-03,03:14:19
776,Hold same.,Documentários,88,Smart TV,2024-12-06,00:33:49
768,Deep.,Séries,7,Smartfones,2024-12-07,05:30:04
822,Usually effect.,Documentários,9,Smartfones,2024-12-08,06:04:40
66,Discover.,Filmes,144,Celulares,2024-12-06,13:40:38
279,Window.,Filmes,39,Tablet,2024-12-03,05:57:25
719,Full.,Filmes,6,Celulares,2024-12-05,05:00:10
156,Manage.,Novelas,111,Smartfones,2024-12-01,03:46:34
499,Charge.,Shows,50,Celulares,2024-12-03,04:15:27
458,Gun.,Shows,140,Celulares,2024-12-05,14:42:44
203,Front.,Séries,90,Tablet,2024-12-06,15:52:42
274,Fine.,Shows,14,Smartfones,2024-12-02,14:38:45
957,Physical.,Séries,126,Celulares,2024-12-05,21:29:57
963,Act visit.,Shows,14,Smart TV,2024-12-07,08:55:23
145,Home identify.,Documentários,123,Smartfones,2024-12-05,19:01:45
996,Fine Congress.,Séries,101,Tablet,2024-12-06,16:07:25
975,Ok.,Filmes,58,Smart TV,2024-12-03,02:52:07
136,At provide.,Documentários,58,Smartfones,2024-12-04,01:23:22
293,Become door.,Documentários,121,Celulares,2024-12-01,23:35:34
838,Rest.,Filmes,16,Celulares,2024-12-07,11:32:25
548,Team leg.,Shows,55,Smart TV,2024-12-02,11:47:36
709,Campaign doctor.,Novelas,115,Smartfones,2024-12-08,01:05:34
694,Machine would.,Shows,134,Smart TV,2024-12-05,13:33:23
638,Respond beyond.,Filmes,88,Celulares,2024-12-03,13:36:18
677,Technology begin.,Filmes,42,Smartfones,2024-12-03,06:59:43
245,Participant.,Filmes,18,Celulares,2024-12-08,22:13:47
146,Citizen.,Séries,128,Tablet,2024-12-05,06:32:45
137,Old science.,Documentários,150,Celulares,2024-12-05,13:51:50
190,Training.,Novelas,23,Celulares,2024-12-03,04:33:39
180,Suffer interesting.,Documentários,5,Tablet,2024-12-04,09:22:45
727,Require.,Novelas,143,Tablet,2024-12-02,16:24:54
746,Degree space.,Filmes,46,Celulares,2024-12-06,02:24:37
69,At.,Filmes,171,Celulares,2024-12-04,08:59:46
160,Few.,Séries,78,Smart TV,2024-12-06,11:07:18
716,How likely.,Novelas,146,Tablet,2024-12-03,15:24:49
906,Create.,Shows,86,Smartfones,2024-12-03,04:35:18
280,Really.,Shows,61,Smartfones,2024-12-02,00:52:20
196,If suddenly.,Shows,57,Celulares,2024-12-04,09:51:18
990,Tonight.,Séries,158,Celulares,2024-12-07,15:42:53
818,Rich next.,Shows,117,Smartfones,2024-12-06,23:06:14
283,Today.,Filmes,118,Celulares,2024-12-02,00:09:42
718,Environmental.,Shows,26,Celulares,2024-12-04,22:01:47
195,Argue.,Documentários,145,Smartfones,2024-12-02,17:56:47
461,Bill likely.,Documentários,43,Celulares,2024-12-05,01:39:55
108,Drug task.,Novelas,16,Tablet,2024-12-06,17:13:53
21,Page however.,Séries,136,Smartfones,2024-12-07,13:10:10
704,Culture when.,Séries,18,Celulares,2024-12-05,10:54:19
225,Sense cup.,Séries,97,Smartfones,2024-12-02,23:55:06
742,Red.,Filmes,34,Smartfones,2024-12-06,08:25:38
600,Possible.,Documentários,6,Smart TV,2024-12-04,05:47:30
421,Hair local.,Séries,82,Smart TV,2024-12-01,09:49:36
377,Play pass.,Séries,93,Smart TV,2024-12-02,13:11:45
85,Quality.,Séries,157,Tablet,2024-12-03,11:56:52
376,Father.,Novelas,166,Smart TV,2024-12-06,10:12:01
563,Century image.,Séries,141,Celulares,2024-12-02,07:58:37
573,Democratic according.,Filmes,62,Smartfones,2024-12-04,08:40:29
305,Nation want.,Shows,73,Smartfones,2024-12-07,02:41:51
164,Week her.,Filmes,59,Smartfones,2024-12-06,03:40:58
436,Cover maintain.,Documentários,7,Smart TV,2024-12-05,10:30:24
66,We.,Novelas,82,Celulares,2024-12-05,05:21:25
392,Threat.,Shows,81,Smartfones,2024-12-06,20:08:44
796,Blue.,Filmes,40,Celulares,2024-12-06,11:53:47
94,Case.,Filmes,77,Smart TV,2024-12-02,00:09:34
896,Do.,Filmes,27,Smart TV,2024-12-07,18:15:41
997,Local garden.,Shows,130,Tablet,2024-12-05,06:37:49
51,Of might.,Séries,156,Tablet,2024-12-07,18:20:45
635,Bring indicate.,Novelas,135,Smartfones,2024-12-08,22:00:02
400,However move.,Novelas,50,Celulares,2024-12-05,08:13:36
873,Physical.,Novelas,163,Celulares,2024-12-06,02:23:31
123,Boy.,Filmes,123,Smart TV,2024-12-06,01:15:49
276,Begin door.,Novelas,100,Celulares,2024-12-05,11:37:00
395,Produce big.,Shows,25,Smartfones,2024-12-01,16:31:55
119,So.,Séries,102,Smart TV,2024-12-07,17:05:04
11,Themselves.,Documentários,158,Celulares,2024-12-06,15:50:40
723,Serious success.,Shows,151,Smartfones,2024-12-07,18:04:35
222,Put.,Séries,131,Tablet,2024-12-02,03:41:11
615,Leg upon.,Documentários,46,Smart TV,2024-12-04,12:37:17
576,Production.,Séries,115,Smartfones,2024-12-02,08:30:43
917,All matter.,Novelas,144,Smartfones,2024-12-03,17:10:18
108,And event.,Shows,122,Smart TV,2024-12-07,01:34:20
707,Interest.,Shows,142,Celulares,2024-12-07,06:18:06
675,Better hundred.,Documentários,108,Smartfones,2024-12-07,20:23:08
939,Statement.,Séries,145,Smart TV,2024-12-08,12:20:45
111,Amount.,Séries,45,Tablet,2024-12-05,07:49:32
69,Candidate in.,Novelas,93,Smart TV,2024-12-05,01:07:04
188,Pressure weight.,Documentários,101,Smartfones,2024-12-08,17:39:50
394,Early forward.,Shows,106,Tablet,2024-12-04,18:40:50
45,Fight.,Séries,46,Smart TV,2024-12-08,00:35:01
840,Receive.,Filmes,91,Smartfones,2024-12-02,02:21:04
77,Including laugh.,Filmes,24,Tablet,2024-12-03,01:36:40
243,Fact responsibility.,Filmes,47,Smartfones,2024-12-04,07:07:25
353,Sister.,Filmes,20,Celulares,2024-12-02,12:36:22
918,Story.,Documentários,11,Celulares,2024-12-01,03:14:56
943,New.,Séries,137,Smart TV,2024-12-08,17:47:47
832,Thousand.,Filmes,126,Smart TV,2024-12-06,12:06:14
210,Increase.,Documentários,169,Celulares,2024-12-01,03:36:57
634,Model.,Documentários,29,Smartfones,2024-12-07,06:04:35
754,Name.,Séries,159,Smart TV,2024-12-05,04:57:17
666,Seek whom.,Filmes,44,Smart TV,2024-12-02,21:07:37
246,Spend tax.,Documentários,163,Smartfones,2024-12-03,16:54:54
930,Themselves country.,Novelas,136,Tablet,2024-12-03,03:47:07
431,Set.,Documentários,83,Tablet,2024-12-02,18:25:28
223,Determine.,Shows,98,Smartfones,2024-12-05,19:28:21
806,Machine.,Shows,47,Smart TV,2024-12-05,09:54:41
147,Scene.,Filmes,21,Smartfones,2024-12-07,09:27:37
278,Relationship but.,Filmes,69,Smart TV,2024-12-08,00:05:29
18,Option.,Shows,39,Tablet,2024-12-04,17:33:17
563,Relationship into.,Séries,154,Smart TV,2024-12-05,01:57:40
111,Marriage.,Documentários,118,Tablet,2024-12-01,21:35:42
127,Pay.,Séries,159,Tablet,2024-12-01,18:45:41
92,Religious.,Shows,38,Smartfones,2024-12-02,21:18:47
259,Card.,Shows,72,Smart TV,2024-12-02,10:22:46
580,Response laugh.,Documentários,178,Celulares,2024-12-08,10:49:02
301,Clear billion.,Documentários,166,Celulares,2024-12-04,03:05:41
169,Forget.,Shows,90,Celulares,2024-12-01,16:25:25
831,Be there.,Séries,133,Celulares,2024-12-02,01:58:39
491,Task trouble.,Documentários,160,Celulares,2024-12-08,21:05:29
630,Weight pressure.,Novelas,37,Celulares,2024-12-02,14:30:24
304,Institution.,Novelas,55,Smart TV,2024-12-03,10:38:35
106,Eye option.,Novelas,163,Celulares,2024-12-03,07:01:41
557,Reveal car.,Shows,54,Smart TV,2024-12-06,07:24:01
513,Traditional.,Séries,33,Smart TV,2024-12-02,01:36:04
448,Strategy.,Filmes,46,Celulares,2024-12-08,03:46:23
897,In.,Séries,31,Celulares,2024-12-05,03:05:59
812,Tree.,Filmes,102,Smart TV,2024-12-02,13:17:58
377,Defense keep.,Filmes,55,Smartfones,2024-12-04,16:01:25
589,Option.,Shows,33,Smartfones,2024-12-01,09:16:29
456,Road rather.,Shows,95,Tablet,2024-12-07,19:57:18
585,Under.,Séries,33,Smartfones,2024-12-05,17:32:40
440,Common true.,Documentários,47,Tablet,2024-12-05,16:10:01
369,Move also.,Filmes,9,Smartfones,2024-12-08,04:18:39
673,Strategy.,Documentários,119,Smartfones,2024-12-02,05:29:57
935,Gun.,Séries,25,Celulares,2024-12-04,04:37:29
235,Rest interest.,Filmes,127,Smartfones,2024-12-06,10:53:02
543,With.,Filmes,30,Celulares,2024-12-06,05:55:46
671,Meeting.,Novelas,50,Smart TV,2024-12-07,22:35:27
2,Best true.,Filmes,135,Celulares,2024-12-07,06:07:21
84,Force.,Filmes,127,Smart TV,2024-12-03,05:17:34
582,Tv produce.,Documentários,23,Tablet,2024-12-08,10:14:39
231,Offer.,Séries,162,Celulares,2024-12-06,01:44:18
421,Design.,Filmes,20,Tablet,2024-12-05,14:39:12
583,Form within.,Filmes,167,Tablet,2024-12-03,08:35:18
85,Always.,Documentários,153,Smart TV,2024-12-06,21:11:15
655,Culture top.,Filmes,74,Tablet,2024-12-03,19:19:58
297,Prepare.,Séries,18,Smart TV,2024-12-01,23:19:41
972,Health.,Novelas,160,Smartfones,2024-12-06,01:40:22
367,Laugh.,Shows,53,Smartfones,2024-12-07,20:16:06
370,Year.,Shows,109,Tablet,2024-12-06,01:07:13
413,And political.,Shows,157,Smartfones,2024-12-08,10:54:45
691,Answer.,Documentários,33,Celulares,2024-12-07,22:52:07
705,Point radio.,Shows,127,Tablet,2024-12-01,15:54:31
994,Court star.,Documentários,137,Tablet,2024-12-07,01:34:53
613,Activity.,Documentários,162,Smartfones,2024-12-07,04:56:01
352,At director.,Documentários,15,Tablet,2024-12-07,12:38:15
606,Design.,Shows,121,Smart TV,2024-12-03,10:09:33
280,Somebody accept.,Documentários,116,Smartfones,2024-12-03,23:57:15
677,Area.,Filmes,112,Celulares,2024-12-03,10:22:24
572,Morning.,Documentários,19,Smartfones,2024-12-01,17:57:40
825,Individual.,Documentários,54,Smartfones,2024-12-05,22:59:42
310,Smile.,Filmes,160,Celulares,2024-12-01,23:45:24
923,Common successful.,Filmes,54,Smartfones,2024-12-07,13:21:37
230,Father.,Séries,49,Tablet,2024-12-05,20:37:48
615,Appear meet.,Filmes,31,Celulares,2024-12-05,12:56:38
860,Wide.,Filmes,6,Tablet,2024-12-01,01:33:23
644,Baby wide.,Séries,117,Smartfones,2024-12-07,04:15:05
721,Require safe.,Filmes,161,Tablet,2024-12-04,11:23:02
965,Instead.,Filmes,39,Smart TV,2024-12-03,09:09:08
624,There.,Documentários,135,Tablet,2024-12-04,01:17:34
77,Glass.,Shows,146,Tablet,2024-12-04,08:25:06
439,These attorney.,Documentários,107,Celulares,2024-12-03,22:42:22
958,Especially third.,Filmes,145,Celulares,2024-12-04,05:47:03
641,Late.,Documentários,176,Celulares,2024-12-01,18:46:12
313,Fill.,Novelas,155,Celulares,2024-12-05,23:58:15
630,Cultural.,Filmes,40,Tablet,2024-12-08,20:00:27
246,Hard doctor.,Documentários,69,Smart TV,2024-12-04,14:03:59
892,Food.,Séries,169,Tablet,2024-12-06,01:10:28
694,Order exist.,Shows,73,Smartfones,2024-12-05,20:58:52
216,Church.,Filmes,59,Celulares,2024-12-06,17:51:19
873,Member major.,Séries,58,Smartfones,2024-12-06,23:56:39
189,Individual.,Novelas,116,Tablet,2024-12-08,05:27:37
638,Structure finish.,Shows,32,Celulares,2024-12-03,12:18:25
910,Arm loss.,Novelas,106,Celulares,2024-12-07,11:23:43
118,According.,Novelas,31,Smart TV,2024-12-02,19:06:53
287,Sing.,Novelas,77,Celulares,2024-12-07,10:28:00
213,The.,Filmes,13,Celulares,2024-12-07,03:58:24
221,Church.,Séries,148,Tablet,2024-12-05,03:16:59
732,Without hard.,Shows,112,Smartfones,2024-12-02,12:28:08
1000,Election thought.,Documentários,27,Celulares,2024-12-04,17:32:42
966,Tonight.,Documentários,77,Tablet,2024-12-02,20:24:20
278,Simply follow.,Shows,10,Tablet,2024-12-06,01:20:12
668,Plant.,Séries,145,Celulares,2024-12-06,00:34:31
340,Certain though.,Documentários,179,Celulares,2024-12-01,18:12:55
41,Lawyer face.,Shows,68,Smart TV,2024-12-07,05:54:34
626,Board.,Filmes,122,Celulares,2024-12-04,05:16:51
372,Pass.,Novelas,89,Smart TV,2024-12-01,22:21:00
72,Board.,Séries,56,Celulares,2024-12-02,06:55:05
221,Cell budget.,Séries,82,Celulares,2024-12-08,07:28:10
237,Suggest.,Séries,47,Smart TV,2024-12-08,15:19:44
996,Magazine stock.,Novelas,108,Smartfones,2024-12-05,13:36:16
888,Future.,Documentários,96,Smartfones,2024-12-03,10:53:11
606,Fund.,Shows,70,Smart TV,2024-12-04,00:56:46
245,Family teacher.,Filmes,87,Smartfones,2024-12-06,03:03:31
144,Notice.,Séries,143,Tablet,2024-12-07,16:30:06
128,Stuff.,Novelas,96,Smartfones,2024-12-02,19:15:33
652,Try.,Séries,104,Tablet,2024-12-03,15:19:44
503,Continue cause.,Séries,7,Smartfones,2024-12-06,03:59:26
646,Cup.,Shows,70,Tablet,2024-12-06,10:56:04
314,Rock.,Séries,14,Tablet,2024-12-06,07:50:25
349,Think on.,Shows,61,Tablet,2024-12-07,12:03:08
389,Process.,Filmes,130,Tablet,2024-12-07,23:55:54
986,Build.,Novelas,67,Tablet,2024-12-06,02:55:38
109,Fall develop.,Séries,67,Smartfones,2024-12-05,03:10:40
191,Property charge.,Filmes,157,Celulares,2024-12-08,22:07:16
752,Thousand.,Shows,19,Tablet,2024-12-08,00:28:54
338,Season.,Novelas,35,Smartfones,2024-12-03,11:26:04
695,Player view.,Filmes,154,Smartfones,2024-12-07,09:30:20
41,True.,Novelas,47,Smartfones,2024-12-02,22:48:41
848,His shoulder.,Filmes,143,Tablet,2024-12-06,19:00:09
25,News include.,Séries,138,Tablet,2024-12-03,12:01:13
682,Too.,Séries,180,Smartfones,2024-12-03,05:41:06
816,Without.,Séries,145,Celulares,2024-12-05,11:08:58
154,Story into.,Shows,55,Tablet,2024-12-05,19:48:21
543,How try.,Documentários,113,Tablet,2024-12-01,11:05:58
551,Current idea.,Documentários,179,Tablet,2024-12-01,17:47:17
599,Day local.,Novelas,180,Celulares,2024-12-07,11:02:13
594,Finally them.,Novelas,172,Celulares,2024-12-08,14:25:01
146,Exist edge.,Filmes,165,Tablet,2024-12-02,14:04:58
833,Modern.,Documentários,48,Smartfones,2024-12-04,01:34:39
522,Significant thing.,Documentários,128,Smart TV,2024-12-03,12:28:07
149,Food politics.,Filmes,116,Smartfones,2024-12-02,22:18:33
903,Lawyer degree.,Documentários,79,Celulares,2024-12-01,11:11:31
810,View and.,Filmes,147,Tablet,2024-12-05,23:14:17
88,Fine try.,Séries,35,Celulares,2024-12-08,00:37:31
418,Usually.,Séries,17,Smart TV,2024-12-01,21:47:33
232,Situation small.,Novelas,142,Smartfones,2024-12-02,12:43:54
909,Couple manager.,Séries,153,Smart TV,2024-12-05,15:18:45
265,Spend return.,Novelas,111,Celulares,2024-12-04,21:15:16
551,East.,Filmes,96,Smartfones,2024-12-07,14:32:32
669,Charge.,Shows,60,Smartfones,2024-12-04,01:58:39
790,School several.,Séries,27,Smart TV,2024-12-01,21:51:27
606,Pressure long.,Novelas,175,Smartfones,2024-12-06,13:33:32
51,Our.,Documentários,65,Smart TV,2024-12-02,13:10:53
240,Late seven.,Séries,166,Smart TV,2024-12-07,05:25:54
188,Water conference.,Novelas,116,Smartfones,2024-12-07,06:58:47
300,Factor.,Novelas,35,Smartfones,2024-12-03,13:06:41
467,Hair red.,Filmes,35,Smart TV,2024-12-07,11:42:06
816,Development unit.,Documentários,103,Smartfones,2024-12-04,00:40:19
809,Spend.,Novelas,167,Celulares,2024-12-04,08:14:07
24,Picture practice.,Séries,158,Celulares,2024-12-07,18:41:08
739,Our choice.,Novelas,142,Tablet,2024-12-05,15:28:34
871,Or several.,Shows,109,Celulares,2024-12-07,21:08:22
754,Media.,Shows,151,Celulares,2024-12-02,04:22:51
956,Debate.,Filmes,150,Smartfones,2024-12-05,05:16:21
135,List.,Documentários,63,Smart TV,2024-12-03,18:41:30
422,Read.,Séries,32,Smartfones,2024-12-08,21:01:48
47,Look.,Novelas,83,Smart TV,2024-12-01,20:28:12
869,Inside.,Filmes,157,Smart TV,2024-12-06,06:37:14
387,About use.,Shows,60,Smartfones,2024-12-04,12:23:37
760,Movement during.,Séries,101,Tablet,2024-12-01,10:09:18
571,Piece admit.,Séries,63,Celulares,2024-12-05,05:39:33
43,Finally ago.,Novelas,76,Smartfones,2024-12-08,21:45:39
745,Save movie.,Filmes,130,Smartfones,2024-12-04,07:09:18
988,Probably push.,Séries,5,Celulares,2024-12-03,07:57:55
228,Mother beautiful.,Novelas,174,Smartfones,2024-12-02,14:11:28
56,Affect.,Documentários,151,Celulares,2024-12-04,08:30:08
252,Star important.,Documentários,52,Smartfones,2024-12-03,01:37:44
779,According.,Shows,53,Smart TV,2024-12-02,11:12:25
832,Best.,Shows,97,Smartfones,2024-12-04,19:52:18
792,Other between.,Séries,120,Smartfones,2024-12-01,07:12:40
393,Pressure.,Novelas,108,Smartfones,2024-12-01,01:02:10
375,Prepare.,Shows,82,Smartfones,2024-12-04,01:04:04
520,Let grow.,Shows,5,Celulares,2024-12-02,03:39:13
521,Attack mind.,Documentários,85,Smart TV,2024-12-03,21:58:20
334,Edge.,Filmes,89,Smart TV,2024-12-01,02:06:51
854,Serious.,Séries,63,Smartfones,2024-12-05,20:50:46
565,Very.,Documentários,58,Celulares,2024-12-05,16:05:34
785,Accept section.,Novelas,30,Smartfones,2024-12-02,19:58:18
733,Position decision.,Shows,99,Smartfones,2024-12-05,22:45:12
182,Stand true.,Filmes,81,Celulares,2024-12-02,06:39:51
133,Onto.,Séries,152,Smart TV,2024-12-06,01:24:26
368,Be organization.,Shows,95,Tablet,2024-12-01,05:10:50
474,Board.,Documentários,66,Smartfones,2024-12-07,15:58:41
979,Hit big.,Novelas,128,Celulares,2024-12-07,20:42:00
189,High mean.,Documentários,147,Smart TV,2024-12-08,10:36:27
589,Region important.,Shows,169,Smartfones,2024-12-03,10:42:15
646,Exist discover.,Shows,98,Smart TV,2024-12-01,07:45:28
195,Protect.,Documentários,48,Smart TV,2024-12-01,17:47:13
916,Since speech.,Shows,75,Tablet,2024-12-03,14:41:48
150,Kid fly.,Novelas,6,Smartfones,2024-12-05,14:18:20
558,Very security.,Documentários,116,Smart TV,2024-12-06,06:11:40
175,Market.,Novelas,90,Celulares,2024-12-01,15:02:51
704,The defense.,Documentários,92,Smartfones,2024-12-06,01:12:24
318,Together wonder.,Filmes,164,Smart TV,2024-12-08,18:56:29
798,Kind.,Novelas,24,Smartfones,2024-12-07,11:17:18
939,Above cup.,Novelas,178,Tablet,2024-12-03,16:59:00
945,Trip.,Novelas,40,Celulares,2024-12-04,01:52:13
748,Enter similar.,Documentários,64,Smart TV,2024-12-08,23:04:47
770,Really now.,Filmes,107,Smartfones,2024-12-03,02:32:10
20,Set.,Filmes,92,Tablet,2024-12-04,16:40:54
852,Test.,Novelas,69,Smartfones,2024-12-07,20:56:33
729,Each.,Séries,7,Smartfones,2024-12-06,11:31:56
129,Lead.,Documentários,145,Smartfones,2024-12-02,20:24:03
224,Toward federal.,Documentários,8,Smartfones,2024-12-02,02:10:22
772,Police.,Séries,154,Celulares,2024-12-08,08:43:33
691,Night world.,Séries,114,Tablet,2024-12-04,14:51:19
696,Want.,Documentários,70,Celulares,2024-12-06,16:21:15
72,Through.,Shows,103,Celulares,2024-12-06,04:57:09
89,Kid.,Filmes,135,Smart TV,2024-12-07,20:32:16
198,Official its.,Shows,64,Smartfones,2024-12-01,17:02:41
964,Floor visit.,Documentários,31,Smartfones,2024-12-06,11:33:53
131,Wide night.,Séries,108,Smart TV,2024-12-01,12:54:55
915,Particular common.,Shows,158,Smartfones,2024-12-08,08:24:58
65,Threat wish.,Séries,115,Smart TV,2024-12-07,09:04:30
106,Voice receive.,Shows,61,Celulares,2024-12-08,23:32:06
550,Cause look.,Novelas,49,Tablet,2024-12-08,16:52:54
750,Girl.,Séries,62,Smartfones,2024-12-06,10:58:24
837,Hundred.,Shows,150,Tablet,2024-12-07,16:13:43
914,Could.,Documentários,40,Smartfones,2024-12-07,13:38:26
972,Begin.,Novelas,103,Smartfones,2024-12-01,14:47:00
751,Put.,Documentários,115,Celulares,2024-12-01,09:57:43
890,Foot near.,Filmes,128,Celulares,2024-12-06,12:30:48
524,System.,Shows,64,Smart TV,2024-12-01,06:38:10
895,Certainly.,Shows,84,Smartfones,2024-12-02,03:28:21
922,Land discussion.,Shows,134,Celulares,2024-12-02,13:18:57
639,Hotel.,Séries,106,Tablet,2024-12-07,03:47:17
445,Mean.,Filmes,133,Celulares,2024-12-07,13:53:52
686,Yard.,Séries,142,Celulares,2024-12-08,15:13:30
818,Describe city.,Novelas,32,Smartfones,2024-12-04,11:38:09
925,Time.,Filmes,101,Tablet,2024-12-07,06:13:57
891,Degree make.,Shows,157,Tablet,2024-12-01,20:22:58
726,Remember.,Filmes,6,Celulares,2024-12-07,04:07:32
683,Very.,Novelas,128,Smartfones,2024-12-06,06:35:18
678,Body.,Filmes,105,Smartfones,2024-12-05,21:33:12
829,Choice.,Novelas,22,Smart TV,2024-12-03,06:20:22
961,Today.,Shows,112,Tablet,2024-12-05,11:30:55
127,Window.,Novelas,5,Tablet,2024-12-04,22:14:16
784,Wide.,Documentários,64,Celulares,2024-12-07,19:10:06
559,Brother.,Documentários,118,Celulares,2024-12-07,02:50:40
410,Her.,Filmes,66,Tablet,2024-12-02,13:35:24
512,Great up.,Documentários,111,Smart TV,2024-12-01,11:31:26
624,Far.,Documentários,90,Smart TV,2024-12-07,11:06:58
648,Run.,Novelas,172,Tablet,2024-12-03,04:01:09
561,Something whose.,Séries,163,Smart TV,2024-12-08,22:20:01
880,Section.,Filmes,40,Celulares,2024-12-02,17:14:22
969,Stay notice.,Filmes,80,Smartfones,2024-12-08,11:32:10
834,Product develop.,Documentários,157,Tablet,2024-12-06,04:48:35
15,Control other.,Filmes,104,Smartfones,2024-12-07,01:50:28
432,Question.,Shows,48,Tablet,2024-12-05,13:11:17
981,Second.,Filmes,142,Tablet,2024-12-05,17:12:10
672,Group.,Séries,25,Smart TV,2024-12-01,18:23:46
785,Son.,Séries,160,Smartfones,2024-12-08,20:24:30
691,Various.,Novelas,55,Smart TV,2024-12-08,02:56:06
856,Everybody.,Shows,91,Smart TV,2024-12-02,06:27:30
10,Law.,Filmes,166,Smart TV,2024-12-05,18:45:51
821,Yet.,Novelas,69,Tablet,2024-12-05,00:04:13
83,First theory.,Filmes,18,Smartfones,2024-12-06,11:24:26
959,Scene.,Filmes,12,Celulares,2024-12-07,08:20:17
941,Run everything.,Shows,14,Smart TV,2024-12-03,01:31:09
775,World.,Documentários,79,Celulares,2024-12-06,13:01:54
981,Draw.,Documentários,33,Tablet,2024-12-04,06:51:01
661,Understand.,Shows,57,Celulares,2024-12-03,08:35:12
653,If.,Documentários,52,Celulares,2024-12-05,06:23:56
239,Choose.,Shows,134,Celulares,2024-12-08,11:39:24
911,Record.,Séries,153,Smartfones,2024-12-08,02:56:10
911,Return.,Shows,34,Tablet,2024-12-04,19:34:24
925,Employee.,Documentários,175,Smartfones,2024-12-07,15:48:53
960,Measure.,Séries,150,Smart TV,2024-12-01,21:56:53
739,Popular.,Filmes,121,Tablet,2024-12-02,21:53:19
558,Sea.,Filmes,155,Smart TV,2024-12-04,16:45:29
616,They.,Filmes,53,Smart TV,2024-12-04,20:35:24
864,This.,Filmes,89,Smartfones,2024-12-05,01:32:33
362,Technology.,Shows,51,Tablet,2024-12-03,01:45:44
45,A.,Shows,145,Smartfones,2024-12-07,05:11:55
479,Million.,Séries,96,Smart TV,2024-12-03,05:55:18
117,Lose wonder.,Shows,141,Smartfones,2024-12-03,19:47:51
124,Local order.,Séries,133,Tablet,2024-12-04,19:44:28
443,Six.,Shows,124,Smartfones,2024-12-06,14:12:25
159,However.,Novelas,131,Tablet,2024-12-08,22:48:07
804,College per.,Filmes,172,Smartfones,2024-12-03,13:23:27
174,Into involve.,Séries,137,Celulares,2024-12-04,10:47:59
340,Commercial.,Shows,17,Tablet,2024-12-03,22:09:33
344,Note.,Séries,171,Smart TV,2024-12-06,01:58:07
619,Bad mind.,Filmes,7,Celulares,2024-12-07,05:20:29
634,His.,Shows,98,Smart TV,2024-12-04,10:29:57
137,Themselves college.,Shows,180,Smart TV,2024-12-01,00:24:36
950,Team.,Séries,90,Celulares,2024-12-01,06:35:55
695,Rich card.,Novelas,168,Smartfones,2024-12-02,16:48:13
10,Always.,Shows,154,Smart TV,2024-12-05,03:44:41
572,Reality newspaper.,Documentários,159,Smartfones,2024-12-07,01:47:00
147,Week.,Séries,171,Celulares,2024-12-04,16:47:29
353,West member.,Séries,163,Smart TV,2024-12-02,05:00:30
493,Game.,Shows,17,Celulares,2024-12-02,00:53:29
375,Study determine.,Novelas,90,Celulares,2024-12-06,07:29:20
608,Consumer.,Shows,56,Celulares,2024-12-06,22:08:57
929,Relate public.,Documentários,66,Tablet,2024-12-06,00:07:19
691,Already option.,Novelas,127,Tablet,2024-12-04,13:05:12
710,Involve stock.,Documentários,96,Tablet,2024-12-08,18:59:43
792,Key information.,Shows,9,Smartfones,2024-12-06,13:06:06
113,Group lay.,Filmes,16,Smartfones,2024-12-05,16:01:30
484,Difficult the.,Séries,30,Tablet,2024-12-06,15:10:57
611,Hotel our.,Séries,134,Celulares,2024-12-02,10:49:49
995,Institution number.,Séries,68,Smart TV,2024-12-08,03:37:53
949,Decide know.,Novelas,80,Smartfones,2024-12-04,08:41:11
724,Term.,Documentários,28,Smartfones,2024-12-06,03:48:20
567,Image model.,Documentários,145,Smartfones,2024-12-02,03:34:21
228,Rather.,Séries,132,Tablet,2024-12-08,06:32:31
73,Against.,Novelas,54,Smartfones,2024-12-08,08:31:17
377,Kind your.,Shows,129,Smartfones,2024-12-06,21:27:19
541,Prove free.,Documentários,62,Celulares,2024-12-02,10:05:49
938,Bring admit.,Filmes,95,Tablet,2024-12-05,20:52:32
596,Necessary.,Filmes,22,Smartfones,2024-12-04,10:46:24
672,Picture.,Filmes,98,Celulares,2024-12-02,05:50:17
498,Indicate.,Documentários,114,Smart TV,2024-12-06,03:51:29
13,Increase election.,Séries,13,Celulares,2024-12-07,10:38:10
640,Into west.,Filmes,5,Tablet,2024-12-07,18:16:42
106,Enough outside.,Novelas,52,Celulares,2024-12-07,04:44:42
903,Color.,Filmes,86,Celulares,2024-12-06,17:13:09
246,Inside rate.,Documentários,92,Tablet,2024-12-03,08:51:33
106,Action.,Shows,173,Celulares,2024-12-07,23:26:34
290,Practice.,Documentários,178,Celulares,2024-12-03,20:43:49
1000,Read.,Shows,100,Celulares,2024-12-01,22:47:55
856,Interesting.,Séries,124,Tablet,2024-12-04,09:29:27
716,Beyond which.,Séries,155,Smart TV,2024-12-05,22:34:29
245,Bill individual.,Novelas,103,Tablet,2024-12-01,15:32:09
118,Record according.,Filmes,124,Smartfones,2024-12-04,18:08:26
335,Tend nothing.,Séries,7,Smart TV,2024-12-08,18:23:42
77,Language rest.,Séries,46,Smart TV,2024-12-08,09:55:30
19,Field.,Documentários,71,Smart TV,2024-12-01,14:44:47
431,Hold station.,Filmes,93,Tablet,2024-12-04,21:08:48
968,Second.,Séries,91,Celulares,2024-12-02,10:04:32
101,Factor.,Shows,97,Smart TV,2024-12-07,14:53:31
509,Address.,Documentários,68,Smart TV,2024-12-06,16:21:35
644,Bad.,Novelas,132,Smart TV,2024-12-02,13:17:49
562,Wonder natural.,Séries,21,Smartfones,2024-12-01,18:50:50
159,Debate treatment.,Novelas,31,Celulares,2024-12-02,02:36:35
162,Should make.,Novelas,141,Smart TV,2024-12-07,18:14:10
180,Add chair.,Shows,93,Celulares,2024-12-04,06:59:04
169,Social both.,Séries,142,Smartfones,2024-12-03,19:13:48
990,Box.,Novelas,95,Tablet,2024-12-07,04:19:51
129,Senior.,Novelas,34,Smartfones,2024-12-07,16:34:09
103,Clearly physical.,Shows,39,Celulares,2024-12-02,19:46:39
431,Experience paper.,Documentários,167,Smartfones,2024-12-05,01:01:43
838,Suggest news.,Shows,22,Smart TV,2024-12-04,18:14:46
171,Car.,Séries,68,Smartfones,2024-12-02,23:59:52
678,Plan too.,Séries,72,Celulares,2024-12-08,11:41:49
718,Ahead.,Filmes,127,Celulares,2024-12-01,14:34:23
189,Special two.,Séries,149,Tablet,2024-12-01,15:33:08
879,Admit.,Documentários,106,Smart TV,2024-12-07,13:05:33
826,Wonder.,Filmes,177,Smart TV,2024-12-01,03:26:28
735,Plan.,Séries,116,Smartfones,2024-12-01,07:29:06
715,Huge power.,Filmes,79,Smart TV,2024-12-04,19:51:10
269,Address.,Novelas,72,Smartfones,2024-12-06,14:28:22
847,Employee.,Séries,123,Celulares,2024-12-07,21:25:44
477,Shoulder call.,Novelas,109,Celulares,2024-12-06,05:59:07
654,Say morning.,Filmes,72,Celulares,2024-12-02,23:19:54
806,Too can.,Novelas,99,Tablet,2024-12-02,12:48:17
665,Time.,Filmes,105,Smartfones,2024-12-06,05:20:29
1000,Start.,Shows,36,Tablet,2024-12-08,09:11:30
874,Space about.,Shows,36,Smartfones,2024-12-07,00:09:28
83,Admit cut.,Shows,47,Tablet,2024-12-08,08:39:58
57,Feel power.,Filmes,170,Celulares,2024-12-04,15:56:41
124,Deep.,Filmes,102,Smartfones,2024-12-03,19:14:02
531,Skin either.,Documentários,69,Celulares,2024-12-08,12:11:48
589,Through.,Séries,39,Celulares,2024-12-04,10:41:20
716,Science.,Documentários,178,Smart TV,2024-12-07,20:12:40
67,Somebody each.,Documentários,72,Smartfones,2024-12-01,07:06:37
601,Force most.,Filmes,86,Tablet,2024-12-03,20:45:38
51,History.,Novelas,26,Tablet,2024-12-05,05:38:32
69,Much dinner.,Documentários,58,Smart TV,2024-12-04,23:41:35
587,Brother.,Novelas,170,Smartfones,2024-12-08,18:59:20
725,Growth nation.,Documentários,141,Celulares,2024-12-01,16:10:55
156,Art.,Filmes,82,Tablet,2024-12-05,15:22:32
508,Fall.,Novelas,103,Smartfones,2024-12-01,06:26:58
813,Collection computer.,Documentários,123,Smart TV,2024-12-05,16:00:59
403,Live summer.,Shows,99,Smartfones,2024-12-03,05:08:24
781,Probably interesting.,Documentários,65,Tablet,2024-12-02,10:46:39
817,Whatever.,Séries,21,Smart TV,2024-12-05,09:54:53
341,Contain network.,Documentários,136,Smartfones,2024-12-03,23:05:58
551,Which.,Filmes,133,Celulares,2024-12-01,02:02:16
849,Be treat.,Shows,34,Smart TV,2024-12-07,01:59:43
676,Agency here.,Documentários,74,Tablet,2024-12-07,23:00:27
61,Choose this.,Filmes,160,Smart TV,2024-12-05,12:10:52
940,Least miss.,Documentários,134,Tablet,2024-12-05,11:13:49
873,Or indeed.,Filmes,83,Smart TV,2024-12-01,10:21:04
166,Audience prove.,Séries,115,Celulares,2024-12-05,20:32:23
878,Condition happen.,Novelas,173,Celulares,2024-12-04,12:46:47
14,Out during.,Filmes,96,Tablet,2024-12-01,03:57:28
797,Race of.,Novelas,119,Celulares,2024-12-03,14:59:52
415,Each.,Documentários,156,Celulares,2024-12-04,15:54:43
779,Compare.,Shows,174,Smart TV,2024-12-02,18:14:47
639,Down and.,Novelas,80,Tablet,2024-12-01,06:25:47
332,Town.,Documentários,146,Celulares,2024-12-03,12:59:23
652,Middle.,Filmes,16,Smart TV,2024-12-08,02:30:52
893,Suffer teach.,Shows,83,Smart TV,2024-12-01,08:21:55
618,Teacher loss.,Documentários,136,Tablet,2024-12-06,01:07:09
630,Director do.,Documentários,144,Smart TV,2024-12-08,15:53:25
709,Traditional.,Novelas,18,Celulares,2024-12-05,04:23:48
706,Everyone heart.,Novelas,102,Smart TV,2024-12-04,18:19:17
833,Weight both.,Séries,153,Tablet,2024-12-05,22:59:31
645,Manage.,Documentários,160,Tablet,2024-12-01,23:37:23
30,Free.,Documentários,89,Tablet,2024-12-07,05:32:20
693,Court gun.,Shows,27,Smartfones,2024-12-08,08:26:29
721,Two.,Documentários,89,Celulares,2024-12-05,14:12:06
392,Now.,Documentários,110,Smart TV,2024-12-08,04:39:05
200,Believe cell.,Séries,10,Tablet,2024-12-08,21:04:20
331,Point.,Documentários,123,Smart TV,2024-12-08,08:03:44
88,Court.,Shows,40,Smart TV,2024-12-05,13:07:20
298,Option success.,Séries,56,Smart TV,2024-12-08,02:55:29
579,Campaign serious.,Novelas,17,Tablet,2024-12-04,23:00:42
281,Task explain.,Novelas,170,Smartfones,2024-12-03,06:15:41
833,Worry.,Shows,49,Smart TV,2024-12-02,16:59:54
213,Use.,Séries,166,Tablet,2024-12-07,10:44:59
243,Company skin.,Documentários,87,Smart TV,2024-12-08,06:35:22
432,Environment white.,Shows,32,Celulares,2024-12-04,09:33:09
317,Minute eye.,Filmes,53,Smart TV,2024-12-07,21:57:07
673,Shake right.,Documentários,70,Tablet,2024-12-08,16:54:40
927,Case.,Shows,177,Tablet,2024-12-06,09:15:32
526,Each state.,Novelas,124,Celulares,2024-12-08,01:28:15
907,Instead new.,Documentários,148,Celulares,2024-12-01,19:40:02
151,Affect.,Documentários,166,Smartfones,2024-12-08,02:08:09
188,First public.,Shows,65,Celulares,2024-12-08,18:47:52
896,Picture figure.,Novelas,45,Celulares,2024-12-08,11:05:07
966,Throughout.,Novelas,130,Tablet,2024-12-03,08:07:41
243,Enter.,Documentários,18,Celulares,2024-12-04,01:49:19
329,Force.,Documentários,94,Smart TV,2024-12-03,05:47:53
841,Dog.,Filmes,152,Tablet,2024-12-02,18:30:52
575,Staff.,Novelas,86,Smart TV,2024-12-06,18:39:12
648,Local whose.,Filmes,176,Smartfones,2024-12-08,13:07:57
712,Hand help.,Séries,41,Smart TV,2024-12-04,09:39:24
335,Begin hear.,Filmes,32,Celulares,2024-12-06,20:29:58
119,Why cold.,Shows,21,Tablet,2024-12-06,16:16:47
304,Until then.,Documentários,32,Tablet,2024-12-08,06:59:23
112,Life.,Séries,134,Smart TV,2024-12-01,09:37:51
877,Everyone.,Shows,133,Tablet,2024-12-04,21:56:52
858,Scientist.,Documentários,109,Smart TV,2024-12-07,00:03:26
82,Increase rather.,Filmes,113,Smart TV,2024-12-05,10:13:03
924,Much.,Séries,97,Celulares,2024-12-01,21:53:25
452,Identify evidence.,Shows,37,Smart TV,2024-12-02,13:29:04
325,Usually group.,Novelas,18,Tablet,2024-12-02,16:59:46
973,Pass.,Filmes,20,Celulares,2024-12-01,08:10:47
577,Middle.,Séries,164,Smartfones,2024-12-03,20:11:14
966,Read.,Séries,11,Tablet,2024-12-07,22:35:39
55,Finally.,Documentários,54,Celulares,2024-12-02,08:18:36
505,Tax.,Filmes,17,Smartfones,2024-12-07,00:59:11
420,Business.,Novelas,179,Smartfones,2024-12-08,16:34:42
423,Eat he.,Filmes,95,Smartfones,2024-12-01,10:34:04
801,Republican.,Novelas,152,Smart TV,2024-12-08,18:40:48
298,Relationship not.,Documentários,160,Celulares,2024-12-08,06:49:28
848,Tell his.,Séries,21,Smart TV,2024-12-04,12:07:40
939,Soon.,Filmes,63,Tablet,2024-12-02,07:22:48
874,Region special.,Filmes,77,Celulares,2024-12-06,14:17:39
749,Read short.,Shows,143,Celulares,2024-12-01,23:36:04
717,Gas majority.,Documentários,18,Smart TV,2024-12-02,14:23:27
550,Their.,Documentários,106,Celulares,2024-12-08,00:31:28
1000,Tend.,Novelas,58,Smart TV,2024-12-02,23:15:26
507,Name trip.,Filmes,93,Smart TV,2024-12-01,09:17:24
568,Knowledge speech.,Novelas,172,Smartfones,2024-12-08,20:59:30
1000,Discover attack.,Novelas,68,Smartfones,2024-12-07,02:47:00
694,Four.,Novelas,124,Celulares,2024-12-02,09:06:51
137,Magazine write.,Filmes,91,Celulares,2024-12-06,15:54:56
487,Boy middle.,Filmes,144,Celulares,2024-12-06,09:35:13
942,Successful.,Novelas,172,Celulares,2024-12-07,12:46:22
467,Focus.,Novelas,97,Celulares,2024-12-01,09:43:13
305,Hear international.,Filmes,71,Smart TV,2024-12-06,22:56:51
894,One.,Shows,28,Smartfones,2024-12-02,06:39:49
815,Care identify.,Documentários,87,Smart TV,2024-12-07,22:27:53
303,Tree.,Filmes,87,Smart TV,2024-12-03,07:56:17
130,Crime fall.,Documentários,75,Tablet,2024-12-02,08:55:48
254,Over scientist.,Shows,66,Celulares,2024-12-06,17:45:42
355,Official.,Shows,94,Smart TV,2024-12-01,21:00:15
280,Likely.,Filmes,84,Smart TV,2024-12-06,09:35:31
84,Night.,Séries,14,Smart TV,2024-12-03,19:10:57
817,Heavy lay.,Filmes,153,Smartfones,2024-12-05,14:51:43
287,Remain.,Documentários,107,Tablet,2024-12-03,16:10:21
820,Music.,Séries,131,Smart TV,2024-12-07,22:57:10
96,Everything than.,Filmes,29,Smart TV,2024-12-03,05:39:18
94,Fill time.,Novelas,128,Tablet,2024-12-06,00:53:22
449,Put.,Shows,122,Smartfones,2024-12-06,16:43:42
362,Movie.,Novelas,134,Smart TV,2024-12-07,07:37:50
775,So yard.,Documentários,136,Smart TV,2024-12-05,08:40:22
213,Trip line.,Novelas,162,Celulares,2024-12-05,10:06:32
12,Such skin.,Novelas,37,Celulares,2024-12-06,00:04:04
674,Building management.,Séries,157,Smartfones,2024-12-05,05:57:14
56,Increase.,Documentários,150,Smartfones,2024-12-06,07:57:21
721,Television.,Shows,60,Celulares,2024-12-08,12:59:21
849,Benefit laugh.,Novelas,57,Celulares,2024-12-04,13:14:36
787,Free open.,Filmes,129,Smartfones,2024-12-06,22:56:47
489,Company size.,Filmes,68,Celulares,2024-12-05,09:43:45
20,Opportunity.,Filmes,29,Smartfones,2024-12-04,06:48:05
95,Place beat.,Filmes,175,Tablet,2024-12-07,02:39:02
67,Government hotel.,Séries,43,Smart TV,2024-12-07,18:20:14
187,Whole.,Documentários,64,Celulares,2024-12-02,20:31:20
706,Give sing.,Novelas,24,Smartfones,2024-12-06,02:43:05
563,Republican culture.,Shows,31,Celulares,2024-12-02,07:58:27
671,Real involve.,Shows,56,Tablet,2024-12-04,02:18:21
314,Finally.,Novelas,136,Smart TV,2024-12-01,06:13:39
143,Tell.,Documentários,36,Celulares,2024-12-05,01:00:02
791,Painting because.,Shows,46,Celulares,2024-12-06,07:13:00
372,Near.,Novelas,29,Tablet,2024-12-03,05:47:07
373,Join.,Séries,165,Smartfones,2024-12-05,18:11:52
576,Suggest success.,Séries,13,Smartfones,2024-12-07,12:55:17
826,Idea history.,Documentários,146,Smartfones,2024-12-08,18:37:46
388,Rule fish.,Filmes,142,Smart TV,2024-12-01,15:15:20
955,Without.,Documentários,21,Tablet,2024-12-06,04:57:44
538,Need.,Filmes,129,Tablet,2024-12-04,15:38:10
148,Rather next.,Documentários,157,Celulares,2024-12-08,17:06:09
139,Miss career.,Documentários,116,Tablet,2024-12-03,06:58:37
880,Your.,Shows,138,Smart TV,2024-12-03,19:03:58
51,Mission.,Novelas,67,Celulares,2024-12-03,01:30:22
375,Green along.,Filmes,109,Tablet,2024-12-04,02:58:14
250,Relate kitchen.,Shows,138,Smart TV,2024-12-08,23:30:28
361,Outside view.,Novelas,96,Smartfones,2024-12-07,07:16:14
179,Pass.,Shows,110,Smart TV,2024-12-06,18:42:44
864,Draw.,Shows,47,Tablet,2024-12-04,15:43:34
913,Unit.,Filmes,122,Tablet,2024-12-05,07:46:32
740,Yard little.,Séries,37,Celulares,2024-12-06,22:31:09
185,Show long.,Shows,13,Smartfones,2024-12-06,20:02:37
353,Then pay.,Filmes,16,Celulares,2024-12-07,08:01:17
1,Necessary feeling.,Séries,159,Celulares,2024-12-03,14:01:12
169,Easy treat.,Novelas,58,Tablet,2024-12-01,21:31:01
890,Build true.,Filmes,68,Celulares,2024-12-04,14:08:03
231,Culture simply.,Documentários,10,Smartfones,2024-12-04,16:37:45
844,Sort.,Documentários,26,Tablet,2024-12-04,14:18:32
420,List.,Séries,98,Smartfones,2024-12-03,03:09:22
143,Around article.,Shows,113,Smartfones,2024-12-02,03:01:12
264,Serve party.,Séries,9,Celulares,2024-12-06,22:09:37
613,Pass.,Novelas,128,Celulares,2024-12-02,15:31:49
101,Assume out.,Filmes,56,Smartfones,2024-12-08,19:02:16
627,Open.,Documentários,132,Smart TV,2024-12-01,02:27:28
564,Of question.,Séries,85,Celulares,2024-12-04,20:46:22
981,Share.,Filmes,170,Tablet,2024-12-08,06:45:47
37,Until surface.,Shows,110,Smart TV,2024-12-06,12:52:36
496,Admit process.,Séries,134,Smart TV,2024-12-04,02:47:20
853,Wall.,Séries,102,Tablet,2024-12-05,10:06:15
187,Job bill.,Séries,53,Tablet,2024-12-02,11:18:46
748,It society.,Séries,55,Celulares,2024-12-06,11:00:40
456,Exist.,Documentários,171,Smartfones,2024-12-08,09:20:23
366,Mention right.,Séries,149,Celulares,2024-12-07,04:37:48
225,Experience people.,Filmes,42,Smartfones,2024-12-08,05:39:34
220,Ability common.,Shows,119,Tablet,2024-12-01,09:30:10
263,Like.,Séries,5,Smartfones,2024-12-02,10:59:06
733,Red individual.,Séries,147,Celulares,2024-12-01,23:26:58
998,Player prevent.,Filmes,176,Celulares,2024-12-05,02:38:09
410,Over.,Documentários,106,Celulares,2024-12-07,21:43:33
215,Security power.,Filmes,74,Tablet,2024-12-05,18:38:37
982,Daughter.,Documentários,138,Celulares,2024-12-07,02:05:52
620,Each draw.,Filmes,82,Smartfones,2024-12-04,06:22:14
414,Culture every.,Novelas,84,Celulares,2024-12-04,01:56:09
782,Tree team.,Séries,138,Celulares,2024-12-06,19:49:46
879,News.,Novelas,103,Smartfones,2024-12-08,10:03:03
343,Floor institution.,Novelas,26,Tablet,2024-12-08,16:24:00
853,Step.,Filmes,117,Smartfones,2024-12-01,05:20:32
765,Morning establish.,Séries,148,Celulares,2024-12-01,14:28:31
620,Apply choice.,Documentários,174,Tablet,2024-12-05,19:59:05
922,Into accept.,Shows,83,Celulares,2024-12-07,07:25:40
495,Production.,Documentários,70,Smart TV,2024-12-03,08:04:54
656,Interesting center.,Séries,17,Celulares,2024-12-05,04:14:14
123,Success.,Shows,62,Tablet,2024-12-04,19:20:25
742,Authority amount.,Novelas,149,Smart TV,2024-12-03,01:41:13
179,Year only.,Shows,112,Tablet,2024-12-04,07:45:54
989,By down.,Filmes,114,Smart TV,2024-12-06,14:54:22
312,Bring party.,Documentários,145,Celulares,2024-12-04,18:08:12
844,Position line.,Filmes,47,Smart TV,2024-12-05,22:42:38
401,General.,Séries,60,Smartfones,2024-12-03,12:16:08
226,Time.,Séries,36,Smartfones,2024-12-07,21:04:07
465,American.,Séries,91,Celulares,2024-12-02,12:36:31
549,Social capital.,Séries,58,Smart TV,2024-12-07,14:44:52
374,Write.,Novelas,160,Tablet,2024-12-03,08:56:18
558,Understand under.,Documentários,119,Tablet,2024-12-03,21:07:15
811,Along.,Documentários,101,Smartfones,2024-12-03,17:50:27
723,Senior.,Filmes,178,Smart TV,2024-12-06,01:51:01
956,Special.,Novelas,120,Smart TV,2024-12-04,06:26:55
756,Form always.,Séries,24,Smartfones,2024-12-01,06:06:28
280,Guy.,Novelas,64,Smart TV,2024-12-07,22:05:21
892,Recently.,Novelas,132,Tablet,2024-12-06,23:50:53
405,Blue improve.,Documentários,69,Celulares,2024-12-06,05:59:08
297,Audience artist.,Séries,176,Celulares,2024-12-05,13:09:14
381,Executive must.,Filmes,145,Smart TV,2024-12-08,20:22:04
916,Another.,Documentários,103,Smart TV,2024-12-05,20:37:26
677,Station.,Filmes,44,Smartfones,2024-12-03,14:30:43
686,Skin.,Shows,35,Smart TV,2024-12-07,17:44:00
170,Including accept.,Filmes,57,Celulares,2024-12-08,14:46:25
616,Continue.,Filmes,11,Tablet,2024-12-01,21:00:35
178,Husband bill.,Documentários,101,Tablet,2024-12-01,05:14:16
767,Size.,Filmes,141,Smartfones,2024-12-02,20:55:54
95,Buy amount.,Shows,96,Smart TV,2024-12-08,06:53:06
81,Professor.,Documentários,169,Smart TV,2024-12-05,00:30:07
136,Section current.,Filmes,105,Smart TV,2024-12-05,23:18:17
750,Human.,Séries,13,Smart TV,2024-12-01,09:31:18
208,Garden position.,Shows,120,Smart TV,2024-12-03,19:25:45
384,Thank life.,Novelas,37,Celulares,2024-12-03,13:07:09
402,Foreign rock.,Novelas,58,Smartfones,2024-12-04,13:39:48
194,Discover eat.,Séries,17,Tablet,2024-12-05,01:36:59
944,Not.,Séries,160,Celulares,2024-12-06,20:33:12
654,Lay property.,Shows,59,Celulares,2024-12-05,11:42:18
641,During.,Documentários,142,Tablet,2024-12-03,17:56:39
898,Gas.,Shows,128,Tablet,2024-12-06,18:09:57
8,Yourself current.,Shows,170,Tablet,2024-12-01,19:34:03
37,Fine night.,Shows,169,Smart TV,2024-12-05,21:59:27
838,During lead.,Documentários,37,Celulares,2024-12-08,19:20:40
856,Method for.,Novelas,17,Tablet,2024-12-03,02:52:07
784,Base agent.,Shows,46,Smart TV,2024-12-02,11:28:55
445,Nor someone.,Séries,53,Smartfones,2024-12-03,07:10:18
976,Research director.,Filmes,140,Tablet,2024-12-01,01:52:34
476,Thousand.,Filmes,75,Celulares,2024-12-04,14:50:32
291,Board eye.,Documentários,165,Tablet,2024-12-06,18:45:59
954,Kitchen person.,Filmes,10,Celulares,2024-12-01,00:40:11
638,More.,Séries,42,Celulares,2024-12-01,07:20:46
382,Stay participant.,Documentários,13,Tablet,2024-12-03,03:24:26
947,Popular.,Novelas,52,Smart TV,2024-12-03,18:36:54
760,Maintain deep.,Documentários,68,Tablet,2024-12-06,23:06:21
627,Police push.,Documentários,36,Celulares,2024-12-05,10:16:07
159,Single what.,Novelas,141,Smartfones,2024-12-01,11:06:50
113,Campaign cut.,Shows,136,Tablet,2024-12-02,09:18:47
607,Everyone music.,Documentários,44,Smartfones,2024-12-05,02:20:33
465,Though.,Filmes,147,Smart TV,2024-12-06,23:09:53
590,Else.,Filmes,65,Smart TV,2024-12-08,09:46:37
252,Usually industry.,Filmes,47,Smartfones,2024-12-02,23:30:57
985,General.,Séries,68,Celulares,2024-12-07,23:12:57
575,Yourself.,Novelas,21,Tablet,2024-12-04,21:09:01
386,Day risk.,Filmes,97,Smart TV,2024-12-08,23:12:46
360,Congress big.,Séries,121,Smart TV,2024-12-08,20:27:07
592,Throughout we.,Filmes,140,Smart TV,2024-12-03,18:32:31
299,And same.,Séries,47,Smart TV,2024-12-04,15:29:33
501,Impact fly.,Séries,108,Tablet,2024-12-07,13:44:27
425,Pattern marriage.,Shows,142,Celulares,2024-12-03,14:15:14
10,Inside big.,Shows,166,Celulares,2024-12-04,05:39:54
621,Race.,Séries,118,Celulares,2024-12-01,21:17:26
359,Effort.,Novelas,45,Celulares,2024-12-01,18:27:05
663,Cause.,Documentários,52,Tablet,2024-12-01,08:36:00
116,Security.,Documentários,101,Celulares,2024-12-02,11:17:15
428,Audience staff.,Shows,17,Smart TV,2024-12-03,20:43:56
699,War.,Documentários,131,Smart TV,2024-12-04,08:36:06
230,Office.,Filmes,114,Celulares,2024-12-07,08:40:33
508,Husband much.,Documentários,103,Smart TV,2024-12-01,07:10:59
782,Final.,Filmes,142,Celulares,2024-12-01,07:49:41
435,Something.,Shows,50,Smartfones,2024-12-07,05:52:33
532,Everything.,Shows,60,Tablet,2024-12-08,08:05:44
81,Me training.,Documentários,16,Smart TV,2024-12-01,15:38:01
850,Brother.,Documentários,84,Smart TV,2024-12-01,15:12:20
904,Exist.,Shows,79,Smartfones,2024-12-02,21:56:40
532,Responsibility kid.,Novelas,176,Tablet,2024-12-04,08:04:21
611,Author.,Séries,30,Smartfones,2024-12-06,02:14:23
584,Small.,Novelas,180,Smartfones,2024-12-03,08:31:11
676,Girl.,Séries,18,Smart TV,2024-12-06,02:30:13
60,Treatment.,Séries,37,Celulares,2024-12-04,17:36:59
717,Place safe.,Séries,160,Smartfones,2024-12-01,17:33:58
358,Bag gas.,Shows,135,Smart TV,2024-12-08,10:11:07
192,Ask.,Séries,49,Celulares,2024-12-02,03:18:23
710,Maybe vote.,Shows,7,Smartfones,2024-12-07,12:11:12
948,Million success.,Séries,12,Celulares,2024-12-01,17:24:10
772,Result require.,Filmes,71,Smart TV,2024-12-01,12:04:20
444,Ok.,Séries,156,Smart TV,2024-12-08,08:24:47
328,Scene customer.,Filmes,49,Celulares,2024-12-01,13:57:25
650,Rate page.,Novelas,111,Smart TV,2024-12-01,20:15:06
700,Work.,Novelas,18,Tablet,2024-12-01,04:57:49
884,Two.,Shows,134,Smartfones,2024-12-08,01:41:02
1,Third go.,Documentários,7,Smartfones,2024-12-03,10:23:29
813,Morning.,Séries,169,Smart TV,2024-12-01,09:22:34
465,With.,Shows,35,Smart TV,2024-12-06,19:46:48
675,Bill environment.,Shows,86,Smartfones,2024-12-01,01:43:54
898,Area.,Shows,69,Smartfones,2024-12-06,05:04:43
564,Professional he.,Novelas,31,Smartfones,2024-12-01,12:16:02
726,Huge.,Documentários,141,Tablet,2024-12-08,02:01:58
443,Doctor.,Séries,18,Smart TV,2024-12-07,16:34:33
409,Similar.,Shows,51,Smartfones,2024-12-03,14:48:47
82,Analysis.,Novelas,100,Tablet,2024-12-06,02:16:42
925,Data.,Filmes,170,Tablet,2024-12-02,06:39:40
772,Growth city.,Filmes,170,Tablet,2024-12-02,18:28:44
304,Service.,Séries,86,Tablet,2024-12-07,19:53:58
132,Catch order.,Séries,110,Celulares,2024-12-05,17:34:15
658,That not.,Shows,32,Smart TV,2024-12-03,17:43:37
621,Power.,Novelas,60,Smart TV,2024-12-07,00:56:13
69,Meeting.,Documentários,145,Tablet,2024-12-04,06:39:10
976,Be.,Novelas,160,Tablet,2024-12-01,07:49:28
518,Main stand.,Novelas,170,Celulares,2024-12-08,22:29:00
228,Only.,Novelas,99,Smart TV,2024-12-07,02:08:54
846,White magazine.,Filmes,150,Smart TV,2024-12-08,22:22:34
68,Message feeling.,Documentários,5,Tablet,2024-12-07,02:05:16
262,Gun.,Séries,61,Smart TV,2024-12-05,17:13:13
206,Scene.,Séries,127,Celulares,2024-12-03,05:54:05
41,Laugh.,Documentários,150,Smartfones,2024-12-01,17:13:24
33,Receive.,Documentários,118,Celulares,2024-12-05,00:45:48
317,Behind.,Novelas,94,Tablet,2024-12-02,14:19:46
816,Young.,Filmes,130,Celulares,2024-12-05,01:35:51
116,Develop.,Séries,143,Smartfones,2024-12-01,10:01:20
284,Get.,Séries,69,Smartfones,2024-12-08,14:33:12
673,Owner.,Séries,34,Tablet,2024-12-07,14:32:37
596,Or.,Documentários,74,Smart TV,2024-12-01,03:09:14
913,Seem heavy.,Novelas,168,Tablet,2024-12-08,05:34:16
635,Game.,Séries,130,Tablet,2024-12-07,19:48:33
178,Kitchen.,Documentários,145,Tablet,2024-12-05,16:57:35
459,For consumer.,Séries,165,Smart TV,2024-12-03,05:55:16
491,Whole road.,Filmes,58,Smart TV,2024-12-08,04:47:15
680,Time.,Shows,120,Celulares,2024-12-05,11:38:31
732,Baby.,Séries,131,Celulares,2024-12-04,02:11:08
616,Lose street.,Novelas,139,Smart TV,2024-12-04,22:07:07
898,Report democratic.,Séries,75,Tablet,2024-12-02,14:25:28
348,Crime often.,Séries,76,Smartfones,2024-12-07,19:44:10
261,Fear.,Novelas,89,Celulares,2024-12-01,09:30:35
780,Yard.,Novelas,54,Smart TV,2024-12-07,12:31:04
344,Particularly quite.,Documentários,134,Smartfones,2024-12-06,10:39:42
11,Kind.,Shows,58,Celulares,2024-12-03,01:52:57
55,Seven white.,Shows,52,Smartfones,2024-12-02,23:31:25
726,Thank camera.,Séries,119,Smartfones,2024-12-04,20:04:08
383,Democratic.,Séries,117,Celulares,2024-12-01,05:34:43
907,Set local.,Documentários,34,Celulares,2024-12-08,06:57:11
622,Society.,Filmes,62,Celulares,2024-12-05,19:27:48
337,Then.,Novelas,7,Tablet,2024-12-02,18:51:54
953,Only education.,Novelas,49,Smartfones,2024-12-05,17:04:42
986,Job.,Novelas,123,Smart TV,2024-12-01,02:11:06
452,Begin.,Documentários,6,Smartfones,2024-12-05,10:55:46
570,Example senior.,Documentários,124,Smart TV,2024-12-02,07:36:52
308,Civil.,Filmes,39,Smart TV,2024-12-06,13:22:49
414,Concern.,Documentários,122,Tablet,2024-12-04,03:18:55
586,Share talk.,Documentários,12,Celulares,2024-12-06,21:26:58
62,Statement feeling.,Documentários,54,Tablet,2024-12-04,12:59:43
866,Response in.,Filmes,169,Smart TV,2024-12-06,21:13:29
257,Likely.,Filmes,62,Smartfones,2024-12-05,09:04:15
156,Knowledge vote.,Séries,101,Celulares,2024-12-05,08:58:10
694,Suggest raise.,Shows,96,Tablet,2024-12-02,09:05:18
282,Another someone.,Filmes,10,Smart TV,2024-12-01,12:24:09
202,Subject TV.,Shows,126,Tablet,2024-12-06,02:55:15
14,From office.,Séries,65,Smartfones,2024-12-08,15:23:28
342,Than.,Novelas,122,Smart TV,2024-12-08,18:07:27
967,Feeling.,Novelas,15,Tablet,2024-12-04,10:10:56
209,Participant decision.,Documentários,99,Celulares,2024-12-08,14:31:09
401,Strategy talk.,Séries,10,Celulares,2024-12-01,16:23:37
588,Hand.,Filmes,61,Tablet,2024-12-07,00:17:16
935,Yet.,Filmes,68,Smart TV,2024-12-02,21:35:12
161,His.,Filmes,138,Smartfones,2024-12-03,20:45:46
306,Personal.,Documentários,13,Smartfones,2024-12-06,20:16:19
776,Him.,Filmes,146,Celulares,2024-12-04,05:31:57
862,Different.,Shows,44,Smart TV,2024-12-07,10:30:44
706,Wife think.,Documentários,33,Tablet,2024-12-06,03:28:07
112,Strategy.,Novelas,103,Smartfones,2024-12-08,16:28:37
41,Million western.,Documentários,122,Smart TV,2024-12-07,10:18:13
840,Entire watch.,Novelas,49,Smartfones,2024-12-02,18:25:01
498,Cover.,Séries,37,Celulares,2024-12-07,07:34:02
705,Win name.,Documentários,121,Smartfones,2024-12-08,14:03:37
701,Whole line.,Séries,179,Smartfones,2024-12-02,14:29:45
233,Kid.,Documentários,92,Smart TV,2024-12-06,00:55:07
285,Medical.,Séries,127,Smartfones,2024-12-01,00:57:46
483,Something eat.,Documentários,42,Smartfones,2024-12-02,22:58:09
688,Like.,Filmes,61,Smartfones,2024-12-02,21:16:51
904,Newspaper.,Séries,93,Smart TV,2024-12-01,18:12:56
269,Including.,Filmes,100,Smart TV,2024-12-04,20:49:04
369,From.,Séries,133,Smartfones,2024-12-03,18:50:54
246,Of.,Filmes,126,Celulares,2024-12-01,11:55:24
600,Hot.,Shows,21,Tablet,2024-12-02,23:55:21
175,Most provide.,Séries,179,Smart TV,2024-12-05,14:19:09
48,Education health.,Documentários,57,Tablet,2024-12-06,05:11:00
95,Executive.,Novelas,11,Celulares,2024-12-03,12:11:12
276,System.,Shows,119,Tablet,2024-12-08,05:53:28
279,Knowledge role.,Shows,164,Smart TV,2024-12-03,02:15:44
356,Mr.,Documentários,136,Tablet,2024-12-04,20:08:39
375,Table note.,Séries,140,Smart TV,2024-12-05,13:16:05
847,Remember blue.,Documentários,60,Celulares,2024-12-02,20:03:41
137,Past.,Novelas,174,Tablet,2024-12-02,20:11:36
339,Agree.,Shows,8,Tablet,2024-12-05,15:36:22
304,Safe project.,Séries,153,Smartfones,2024-12-01,11:59:43
570,Team.,Séries,14,Smart TV,2024-12-03,03:08:57
429,Radio chance.,Filmes,105,Smartfones,2024-12-07,03:28:47
598,Spend deal.,Shows,74,Smart TV,2024-12-02,13:49:25
732,Central plant.,Shows,47,Celulares,2024-12-08,22:39:02
758,Receive cup.,Novelas,135,Celulares,2024-12-08,06:45:31
489,Understand.,Shows,73,Tablet,2024-12-03,20:51:52
535,Suddenly.,Séries,59,Celulares,2024-12-05,22:09:43
106,Big.,Séries,137,Smart TV,2024-12-04,05:05:58
687,Big necessary.,Filmes,32,Celulares,2024-12-07,19:34:08
657,Interesting sense.,Séries,164,Smartfones,2024-12-02,14:46:52
762,Couple.,Séries,170,Celulares,2024-12-08,09:36:57
248,Me.,Shows,130,Celulares,2024-12-05,06:44:36
896,I accept.,Documentários,28,Smart TV,2024-12-03,08:44:02
379,Relationship.,Novelas,51,Tablet,2024-12-01,01:22:10
985,War culture.,Séries,109,Tablet,2024-12-05,10:02:34
672,Understand develop.,Filmes,169,Smartfones,2024-12-01,20:24:45
129,Little cover.,Filmes,128,Smart TV,2024-12-04,04:23:04
694,Form.,Novelas,20,Celulares,2024-12-04,22:13:47
160,Account which.,Filmes,126,Tablet,2024-12-08,07:35:22
818,Few wrong.,Filmes,53,Celulares,2024-12-07,06:50:53
662,Kid person.,Filmes,117,Tablet,2024-12-01,04:35:58
907,Determine.,Filmes,143,Smart TV,2024-12-03,16:07:28
206,Someone.,Shows,8,Tablet,2024-12-01,11:31:50
495,Pattern hear.,Séries,8,Tablet,2024-12-03,20:33:33
767,Prevent choice.,Novelas,85,Tablet,2024-12-07,19:41:30
816,Sell evening.,Documentários,104,Tablet,2024-12-05,06:36:44
80,Discussion.,Shows,140,Smartfones,2024-12-03,15:00:56
481,Plan.,Shows,20,Celulares,2024-12-01,22:02:03
762,Film network.,Filmes,125,Tablet,2024-12-05,13:05:23
357,Daughter.,Shows,108,Celulares,2024-12-04,19:50:28
886,Opportunity enough.,Séries,27,Celulares,2024-12-01,01:22:45
774,Experience.,Séries,137,Smart TV,2024-12-05,09:34:01
924,Wonder.,Filmes,176,Smartfones,2024-12-08,08:27:57
253,Up recognize.,Documentários,16,Smart TV,2024-12-08,22:23:40
238,Instead.,Filmes,23,Tablet,2024-12-03,16:19:58
46,Nice statement.,Documentários,145,Smartfones,2024-12-08,15:15:03
269,We.,Shows,38,Smart TV,2024-12-07,15:00:02
988,Reality idea.,Filmes,175,Smartfones,2024-12-04,12:08:01
973,Business.,Filmes,98,Tablet,2024-12-07,01:13:30
510,Get.,Documentários,30,Tablet,2024-12-05,20:42:18
914,South state.,Séries,137,Smart TV,2024-12-01,11:35:07
22,Area.,Séries,96,Smartfones,2024-12-05,03:35:08
85,Not catch.,Séries,49,Smart TV,2024-12-07,03:15:06
528,Author great.,Shows,46,Celulares,2024-12-08,01:22:20
37,Law watch.,Documentários,33,Smart TV,2024-12-03,19:39:37
671,Although artist.,Filmes,53,Smart TV,2024-12-02,03:47:23
320,Thought first.,Séries,54,Smart TV,2024-12-04,06:23:12
427,Grow long.,Séries,68,Celulares,2024-12-01,00:27:12
577,Main.,Shows,120,Tablet,2024-12-07,10:59:47
338,Evening member.,Novelas,62,Celulares,2024-12-01,12:58:24
388,Part animal.,Séries,23,Smart TV,2024-12-01,09:05:53
763,Million lay.,Novelas,153,Smart TV,2024-12-06,07:04:03
853,True.,Séries,34,Celulares,2024-12-07,13:25:11
327,Business debate.,Novelas,8,Tablet,2024-12-04,15:08:19
78,Maintain respond.,Shows,136,Tablet,2024-12-02,18:02:21
659,Their.,Shows,16,Celulares,2024-12-05,01:25:00
527,Walk my.,Novelas,169,Smartfones,2024-12-07,14:14:09
199,Nothing.,Shows,49,Smart TV,2024-12-01,09:15:54
555,Plant.,Shows,148,Smart TV,2024-12-06,16:02:54
923,Though word.,Novelas,146,Celulares,2024-12-02,18:52:40
116,Western.,Séries,146,Smartfones,2024-12-04,07:02:40
512,Marriage force.,Novelas,54,Celulares,2024-12-08,16:17:33
727,Their.,Documentários,41,Celulares,2024-12-02,07:53:17
49,Building.,Shows,8,Smartfones,2024-12-01,02:21:33
713,Available.,Filmes,45,Smart TV,2024-12-04,02:02:57
689,Research.,Filmes,11,Celulares,2024-12-02,07:29:32
977,Serve strategy.,Shows,83,Celulares,2024-12-04,08:35:35
275,Move style.,Documentários,128,Celulares,2024-12-07,04:52:34
492,Mother public.,Séries,100,Smartfones,2024-12-05,01:46:41
943,Market.,Documentários,51,Celulares,2024-12-08,19:55:23
301,Training.,Filmes,23,Tablet,2024-12-04,07:01:02
831,Husband recognize.,Shows,80,Celulares,2024-12-02,03:36:55
369,Accept.,Shows,89,Smartfones,2024-12-08,00:26:38
710,Include.,Séries,115,Tablet,2024-12-07,21:33:29
31,Bit.,Novelas,130,Smartfones,2024-12-01,18:15:48
315,Friend.,Séries,74,Smart TV,2024-12-01,18:33:48
183,Behavior.,Documentários,169,Smartfones,2024-12-02,07:54:32
220,Sure.,Séries,157,Smartfones,2024-12-01,14:31:03
517,Body exactly.,Novelas,117,Smartfones,2024-12-06,07:21:04
883,Away green.,Documentários,155,Celulares,2024-12-06,15:21:19
106,Help.,Séries,6,Celulares,2024-12-04,19:31:22
646,Brother red.,Séries,101,Celulares,2024-12-06,12:40:50
195,Create market.,Documentários,150,Celulares,2024-12-04,18:07:01
280,Skin.,Novelas,151,Smartfones,2024-12-07,23:10:11
932,Hit.,Shows,100,Smart TV,2024-12-04,21:00:45
326,Reality alone.,Novelas,30,Smartfones,2024-12-06,10:43:22
918,Leader push.,Shows,97,Smart TV,2024-12-03,11:25:43
831,Various consider.,Novelas,8,Smartfones,2024-12-02,22:54:05
19,Listen drive.,Novelas,30,Smartfones,2024-12-03,11:45:10
558,Remember sing.,Shows,54,Smartfones,2024-12-07,06:43:31
323,Story.,Novelas,127,Smartfones,2024-12-04,16:44:53
939,Nor voice.,Documentários,65,Smartfones,2024-12-06,15:24:29
334,Behind.,Shows,102,Smartfones,2024-12-07,18:49:23
57,Suffer.,Séries,74,Smart TV,2024-12-07,02:11:44
676,Return.,Filmes,146,Celulares,2024-12-06,13:01:07
237,Bed through.,Novelas,19,Smart TV,2024-12-08,17:27:16
482,Walk bill.,Documentários,62,Tablet,2024-12-07,15:01:38
360,Later.,Séries,102,Celulares,2024-12-02,06:53:10
780,Vote.,Shows,66,Tablet,2024-12-08,07:19:16
523,Television camera.,Documentários,73,Celulares,2024-12-08,03:38:11
853,Never item.,Shows,52,Tablet,2024-12-08,10:28:46
696,Discover.,Filmes,120,Tablet,2024-12-05,20:51:27
667,Fast.,Shows,88,Celulares,2024-12-02,14:16:21
939,Police hand.,Shows,40,Smartfones,2024-12-06,02:19:10
590,Cause.,Séries,149,Smart TV,2024-12-08,06:59:37
565,Anything.,Documentários,164,Celulares,2024-12-03,03:17:15
224,Loss program.,Filmes,107,Smart TV,2024-12-08,00:32:05
71,Drug town.,Séries,112,Tablet,2024-12-04,18:21:12
919,Accept.,Séries,68,Celulares,2024-12-01,11:33:45
254,Audience.,Filmes,80,Smartfones,2024-12-03,02:27:04
992,Floor.,Novelas,83,Celulares,2024-12-02,05:26:19
649,Material house.,Séries,44,Smartfones,2024-12-02,21:34:12
541,Process ask.,Novelas,179,Tablet,2024-12-08,12:41:52
371,It.,Filmes,71,Smartfones,2024-12-07,22:16:29
572,Suffer wall.,Filmes,116,Smartfones,2024-12-05,15:18:24
